{"loss": 0.0007269306806847453, "_runtime": 62, "_timestamp": 1638855011.0604722, "_step": 99, "global_step": 50, "_wandb": {"runtime": 61}}