{"loss": 0.001013732049614191, "_runtime": 116, "_timestamp": 1638850372.2239065, "_step": 99, "global_step": 50, "_wandb": {"runtime": 116}}