{"loss": 7.427479267120361, "_runtime": 23, "_timestamp": 1638649129.3837445, "_step": 1, "global_step": 1, "_wandb": {"runtime": 23}}