{"loss": 0.0014630092773586512, "_runtime": 64, "_timestamp": 1638851716.519645, "_step": 99, "global_step": 50, "_wandb": {"runtime": 64}}