{"loss": 0.008034766651690006, "_runtime": 79, "_timestamp": 1638833847.1077566, "_step": 39, "global_step": 20, "_wandb": {"runtime": 78}}