{"loss": 7.653002738952637, "_runtime": 22, "_timestamp": 1638649196.756377, "_step": 100, "global_step": 1, "_wandb": {"runtime": 161}}