{"loss": 0.0008296974119730294, "_runtime": 304, "_timestamp": 1638853896.6369486, "_step": 99, "global_step": 50, "_wandb": {"runtime": 304}}