{"loss": 0.0002834763436112553, "_runtime": 212, "_timestamp": 1638652526.2408826, "_step": 199, "global_step": 100, "_wandb": {"runtime": 211}}