{"loss": 5.688180446624756, "_runtime": 23, "_timestamp": 1638648935.0794086, "_step": 1, "global_step": 1, "_wandb": {"runtime": 30}}