{"loss": 0.0002867233706638217, "_runtime": 212, "_timestamp": 1638830130.4948459, "_step": 199, "global_step": 100, "_wandb": {"runtime": 211}}