{"loss": 0.0005230805836617947, "_runtime": 305, "_timestamp": 1638833374.476446, "_step": 199, "global_step": 100, "_wandb": {"runtime": 305}}