{"loss": 0.0009478559368290007, "_runtime": 263, "_timestamp": 1638857009.539859, "_step": 99, "global_step": 50, "_wandb": {"runtime": 263}}