{"loss": 0.0012247208505868912, "_runtime": 72, "_timestamp": 1638855952.7751493, "_step": 99, "global_step": 50, "_wandb": {"runtime": 72}}