{"loss": 0.002658367156982422, "_runtime": 77, "_timestamp": 1638852677.7915711, "_step": 99, "global_step": 50, "_wandb": {"runtime": 77}}