{"loss": 0.0011130331549793482, "_runtime": 915, "_timestamp": 1638844509.8133557, "_step": 99, "global_step": 50, "_wandb": {"runtime": 915}}