{"loss": 0.0707077607512474, "_runtime": 31, "_timestamp": 1638653558.6339085, "_step": 9, "global_step": 5, "_wandb": {"runtime": 30}}