{"loss": 0.001272075343877077, "_runtime": 163, "_timestamp": 1638848977.892428, "_step": 99, "global_step": 50, "_wandb": {"runtime": 163}}